id,balance,reputation,payerId
Katey,44.9,6.5,bca35b27-58b5-4069-aa2e-6389a8cdb596
Loutitia,93.25,0.8,193a14c5-6887-44e4-a1ab-b0af2053832d
Morgan,86.25,7.4,5e671924-fdfb-402d-99d2-104f0ad28015
Theodoric,97.97,2.8,8fe99677-4514-4b08-be1e-ac01765209a9
Marv,2.6,9.6,ee3c6513-18ad-4fd1-a123-c5bc5a8dae65
Wiley,29.59,9.7,c260bcdf-711e-4fd8-8619-6c2aa4582c2f
Darcie,37.84,9.6,f3f14a92-cd37-4e09-90f7-c63837725fd6
Marita,77.09,2.5,152b20de-50d3-4a50-a7ed-1f264e228b64
Francine,5.78,1.1,103cb326-6914-4de2-905f-01b58c3ec9dc
Aldo,53.95,8.8,f45fd668-eb06-43b5-b994-d64422b8796d
Anni,63.9,5.5,3ca43186-1930-4c8a-adce-ba7e4f209a33
Lainey,19.53,3.3,340c2d8f-f00a-4a8e-bdb9-f137f81c5dfe
Phip,5.58,4.5,3c299cec-a321-4da4-94a5-7b2de371ae1b
Vivia,86.69,4.7,ee38d4dd-d248-47ae-a6d6-0ae7ef3b3316
Kelci,12.07,4.9,0c8a049b-6f6d-4fcf-9f73-cfbe8db7bf3a
Maryrose,5.83,0.3,d9aea521-e759-46a5-bd2e-8ccb3e0a67aa
Alyson,65.71,8.0,53cb6887-a058-4e09-be91-aaf41899854b
Mayor,25.31,6.7,f35b5123-971d-4690-a4e4-b34eec362d9a
Vivyanne,17.08,6.7,b143b820-b661-4eb3-8039-1f1e38391fe1
Nell,92.05,6.8,35bfe1cc-22eb-43a1-98ac-1669c062f79f
Anabel,56.23,3.3,a2510386-7fda-458a-ab74-47d171881d24
Nataline,57.96,5.6,e00b72c0-c4c9-4221-be53-c43e15ae9d17
Kellie,83.29,5.0,41cd8c8d-3a0e-4e10-bc18-0b0429562fe8
Sanders,41.69,2.6,332b1c8e-2891-4c44-b893-d3041e662f4a
Katerina,16.35,7.9,9d007650-7f77-4021-b8b5-94b8ec50436b
Nina,93.2,0.8,3859dbda-1fb1-4c4a-b1f2-28b504ce4959
Emelyne,76.9,2.7,6db5e1fc-3afd-42c9-9a2c-e3abbb5ea3ac
Stuart,33.83,0.8,3229ad2e-5ea5-42fa-b09a-c7000a3e2557
Isidro,25.59,7.1,977edd6b-3612-4c81-ad83-c0e01542d866
Karry,30.16,7.6,661b2550-06b3-4376-a80b-c88783f636b4
Carree,38.93,1.6,e8f4d995-9c6e-4689-bd4f-a4c239f5a0a2
Garnette,65.3,7.7,a23892b4-98ea-4334-819c-b2a39a2f456f
Lexine,30.5,1.7,4d046f82-add0-4aeb-bbe3-327d1f52cf46
Link,4.85,8.4,d6076013-b47f-4530-a778-f3b060a95765
Vevay,59.16,3.3,dca50b0c-f9bc-4d70-948c-89544c59de5a
Britta,43.84,2.3,9bba7c2c-1bb6-4e27-8aef-e1225cc896bc
Ira,49.87,5.1,55c0fdd2-67c6-4bf4-a75b-9bd24e0d4b46
Pauletta,21.87,0.9,347084ca-1991-4fe2-859f-bded8b1e5853
Ina,34.09,0.3,0810c73d-15ce-404b-9823-dc8cab0cb062
Othelia,1.72,5.3,e04bd246-9051-4674-b803-7328d2ee97a0
Tabbie,82.16,1.1,fe65472e-3e6d-42ae-a767-e7e947a9f6ce
Phedra,34.44,0.1,37a6ec37-7660-4c81-acbf-d617ce158334
Ashly,21.17,7.7,c958009a-2d47-44fc-8a1c-23f2bf1b1c1f
Jerri,27.55,3.5,b1f2f8fe-b08d-449d-88b8-6e4e305dad35
Lisha,92.71,8.3,ce92c221-b58d-48b5-ad20-9c14abfb76f6
Antonietta,28.37,9.3,f019c209-45b4-48ab-91a9-fb9a758ffe6c
Richmound,6.25,5.1,5c4cd408-265f-404e-a066-288406f4a3ac
Myca,51.4,4.4,c02d1327-e3b7-42d5-b756-387403c1df33
Mac,85.69,1.6,71e70553-b6f1-403c-b844-459bdba82add
Whitman,14.14,9.7,96b615e1-a9c3-4adf-9322-15c0623f6fe9
Elsinore,18.06,5.4,843db35d-b3fe-4abb-9364-21bc20b52220
Gerta,59.41,3.7,fdfb6b3e-e210-4b6d-a765-80342a5f7f69
Nora,39.88,0.3,1ce24285-6e8f-47d9-944c-1e82333c96a2
Jenny,58.66,0.6,4bbfc099-7473-4d7b-a33a-0fa3e6d65188
Tibold,4.37,5.3,10e88881-8177-4e31-8309-7dfab8de065f
Ashil,24.53,9.4,08954113-e467-4345-b321-680699de4854
Carole,4.5,6.8,e11127fc-a482-419d-898b-1eff7e7fc1d7
Averil,42.0,1.0,15f4a92c-8d01-49ab-ac1c-4425fb44883c
Nariko,54.76,9.7,4262eb83-1777-47a5-8019-fd7ff6df2a0a
Libbie,1.23,6.9,1935ee0f-aeab-4e93-a8cb-24dee3d6204c
Ree,73.99,3.3,bb652107-17ea-4dfc-b6a6-e5e3a9d8ccf3
Jobyna,4.23,2.1,7aadec07-4f3e-44f5-8a83-dc2af52664db
Worth,88.44,2.6,c83f7c7a-b420-473b-9dd7-464b35d3a720
Mal,89.39,9.6,155d47d5-1e04-470f-bd1e-e47e6c2b5544
Jules,24.02,5.4,cfb5623b-041c-4540-a097-5b6aa9ea881f
Anne-corinne,10.55,9.8,fe781c4b-7781-4b0f-ac96-06788924b8b3
Ashlee,89.46,10.0,42d68318-e7a8-487d-b7a1-9007ab4e2bf3
Garey,21.72,6.8,48c2f88c-672d-4d9a-8c2f-822e6f849427
Bunny,10.66,2.5,cd8c42f8-92a9-46ed-a7d3-eaa39ed4877f
Lorne,42.65,3.2,ca60a4a3-6370-4857-8e08-87fee8c6a96d
Nady,22.19,5.2,6d331455-c10c-4dda-8ea9-fc074c810a0b
Layney,1.02,7.7,a31c21cd-78b6-4628-b178-a88132fb514f
Leon,70.01,5.0,85646f31-35c7-4bba-834d-9117681b0744
Elfreda,31.37,4.5,8667ca1a-99ce-4772-9f8a-8fae882b01b7
Wald,3.79,3.9,76beeec7-69a6-4c8a-b19e-46a31790f84f
Brittney,60.33,7.3,33b9e6ab-fba3-4f2e-a8de-ef46ec2d602a
Fionna,64.91,9.1,96cd50f0-ca8b-4646-bb9e-dc59b4f44d86
Tristam,83.2,1.2,09bf938e-8e59-4e30-9417-7e79349870b9
Therine,23.65,6.5,77b3b3de-3bd5-41e3-a7c2-c39595ba9c89
Shannon,76.98,7.2,e2404d4b-d782-456b-b24a-3745f9a825c9
Jemimah,62.04,8.3,d73c5b46-0438-451a-a5c6-5b1a6b9f9f59
Tabb,75.96,9.6,1afca504-ddb6-42d1-9bc0-86fba5899669
Gratia,45.67,0.8,f549ec9d-c54c-4a24-a513-a9c2587c10fb
Phillie,85.19,8.7,55b5719d-cb9f-438f-b4c3-4a353c16a32c
Beverley,4.63,7.6,6b95282f-38f1-4d49-bdfe-3694b45dc59e
Antonella,7.67,7.4,b4190386-8d22-42cc-a51d-9990266a0b42
Birk,76.7,6.0,190df315-be13-473e-8ec2-1507c59c15bb
Mavis,24.47,9.0,2fae52f5-b17d-49d4-bc68-01362cb1f89d
Karoline,68.06,5.9,f1159aae-5dbc-47bc-b7fb-a053221f857b
Pepi,19.72,9.9,e701132f-dcf8-4a3b-9c2a-e9310b833dd7
Sandy,83.32,9.7,3d7a486e-f249-4212-906a-addea7594af7
Hobard,82.58,0.0,550c984e-fa7a-4370-8244-cb90f8b92fb4
Myra,62.47,2.9,62c57763-d9e6-4adb-bf82-a879230c540f
August,26.37,1.0,b0615659-70db-4e6a-9390-a651b2cdd983
Mile,17.47,1.2,38ddc908-1205-466b-88f7-e585d18b24a3
Wilma,35.3,2.4,85a61d6f-4f4f-42d7-aadc-700be2247414
Gertruda,58.72,4.2,322e255f-2886-44b2-8115-7df9f725efb2
Efrem,36.43,9.5,6bb88011-116c-4810-83c4-2d7ff734ba38
Gena,1.29,3.5,c7a1134d-4611-4107-956e-3ed5df832ce6
Gerda,48.17,1.2,00e1238e-8cb6-4977-a39f-a9fe4cceb194
Ramon,46.02,6.8,06d55002-fce4-488b-bd0b-7e75b38691e9
Sheila,79.88,6.3,b57c8b63-d2c2-4946-b89b-69c442912b7c
Ike,27.21,8.4,1ebd287c-550f-4b50-88de-5ccbaf7ddd92
Zilvia,95.85,2.2,11598a39-2209-43d9-b5eb-129c9e9e907f
Janenna,45.88,2.5,0a5f6716-7361-4c85-996a-f287ca5da5c8
Verney,78.18,9.3,63b5e7a3-c130-40a8-92b9-6894a768a6c5
Gerty,69.39,8.9,66a6f165-b896-4f03-9baf-22360f73013d
Abbott,97.69,5.4,da697c32-2ba1-4107-b29a-a8c10f59bc47
Aidan,92.22,2.3,27c5bd47-e9cf-4960-9346-263da831aad0
Arleta,65.59,0.1,a57bc296-4ea0-4daf-95e8-ed8b307fb78d
Alberta,89.15,7.5,7daad7e9-62ee-4bce-bf2d-51717354dbbf
Hanan,82.0,8.5,a8ffe6ed-9a44-4d0a-a010-11ea150e317b
Jefferson,46.07,4.1,8bbc36a0-c2c9-4117-b986-599a1df5b7a1
Nettle,97.65,5.8,449759ec-50a5-495a-9ec8-c42efe30dd61
Marcile,82.48,6.3,12366d9b-3165-4aa5-b991-b1fc6420f8db
Felecia,13.37,4.5,956e2399-301e-4495-9bea-6718297ca11c
Myrtice,77.49,2.6,ef7192f5-de8a-46e4-86e9-e3d4d5e83750
Glenine,95.0,8.5,3e68a7ad-2719-42d7-84a0-5001d76b0f50
Sayer,69.92,0.1,a50acb1e-c0db-4ef3-838f-86d68651bf8e
Antoinette,87.74,4.1,7d0912a6-dae6-448e-83ee-a01e75aa41af
Pippy,81.65,5.9,3ff528d7-41e4-4852-b768-8687e899b0aa
Cornelius,36.25,5.1,e52230dc-32e6-4baf-b7fe-5fb04f012887
Gary,91.91,3.3,473adf4d-cf30-4279-849d-63d0877e0d68
Annabel,72.32,3.4,a4d73572-7628-4c65-87c3-766ac26a8d65
Candra,30.3,1.9,1dcae4f5-d423-4aa3-80b8-5866459f22c6
Mayne,80.94,4.6,4dd70394-8f07-4d69-87b4-24ba03da5fca
Cad,72.09,3.8,bc0e5c01-8879-4683-94a1-e695fe0fe953
Ransom,2.12,2.6,6b6411e0-3622-4435-937b-0a3a16e89460
Allene,39.28,1.1,860f1524-d86b-4956-ae14-7fb9f45129e3
Cyril,58.48,2.3,216ae06a-f9d6-4a3f-ac7c-d632fdc3f6c5
Shelby,94.78,4.4,1807b952-42ce-4c0d-8a34-63c60cb60176
Frederick,12.97,7.7,4e7ba271-7f47-45d7-b146-11445bf98977
Annabel,85.53,1.9,f95be990-87f0-44e8-ba42-81de3327aec0
Wyatt,36.18,0.4,a9c41733-66b3-4b94-ae81-788ac874c435
Paige,15.0,2.0,12c69ea3-6fba-4433-b874-702b9a234184
Minne,14.65,5.4,7ef5590a-2735-4292-b326-b0794f6ad691
Maximilian,84.04,6.3,2378dbc8-0a27-4b80-8516-7821a33b488f
Abbie,53.59,8.4,d3781d49-dcf3-4f58-bc41-a7888bd53a43
Danice,41.43,2.2,c9ca11c3-09f9-43c0-a534-2c4eb59f0f7a
Carr,43.12,2.0,fc63d251-d81b-4610-92ba-c2bb88019ffd
Dean,48.44,0.7,f550cdf3-de57-4fbd-96a1-596c098b3e5e
Peyter,77.2,4.7,dec1bca9-1677-4462-a454-c262d713d009
Dulciana,1.22,8.6,50c22885-93be-4d1a-96f0-d1b6fd7a66c3
Guglielma,17.19,6.0,d49e8d18-8549-4ddc-8cef-1bb24dd1d877
Conn,28.52,8.2,6422b707-61f2-4426-b149-b78e648e45db
Morganica,77.04,4.9,19eda96e-d730-453d-bace-85098d06220a
Fransisco,41.14,1.0,705e6405-9a4e-4f85-a0a7-3c7342a23618
Reinhard,74.6,3.6,d4de2bf8-80da-47e2-94ca-673b87597724
Cozmo,64.69,3.2,c97c66ef-59ce-4fa8-b951-21010912d9f9
Dale,45.47,0.3,fc547716-1bbc-4c78-9aed-ddb9f1399681
Thorsten,11.49,1.0,d31cfd6f-0409-4557-98fc-82b8da6efd28
Tracy,77.77,4.5,c95c12b7-6d01-4c21-866c-71066754e2e5
Willem,14.79,5.6,9af09e0c-5643-457f-88bf-1e1930d44ff1
Evonne,16.48,1.4,63a1f832-3e15-417b-b023-63aef136dbc4
Gilly,76.27,9.5,69d09f96-54a7-4a47-9946-3f9038824c58
Ruby,43.45,1.0,6cd1a97b-f8e4-41b0-828c-ad114eede49e
Towny,74.52,1.5,8e5b6f6b-49eb-40d7-937a-ad048ba3d9c1
Leela,83.97,5.5,b19f26fb-885b-45bb-8a77-50d7343152e7
Dwight,14.46,6.5,474b5337-0216-43ce-b7b6-1f8fa9838329
Gabriellia,95.1,6.9,fcf3030c-1a55-4e06-a2bf-6fcaae233af8
Aurora,84.06,4.4,20a1b685-3158-4302-845b-5c62b101e4d9
Wolfie,8.23,4.1,66d494e8-f8b8-4b1d-8a83-184e937d022e
Mathilda,62.32,6.4,94803f5d-7347-4805-8d26-099369ca5086
Courtney,11.76,6.2,749e4bc4-a8d1-4e0d-9bac-fd0b655e1ce5
Amargo,77.4,4.9,30714eba-761c-4085-9a30-76fd7b154264
Reina,22.3,2.8,974646f4-ae76-484e-b320-77de0f2a5812
Anica,9.41,2.5,15046928-e0e3-45bb-a08a-7e2219755b86
Olivier,4.86,9.1,7c0c19de-e63a-4b39-a244-bf18f3e49ef3
Bettine,27.76,1.2,0474df0c-8dfb-4e5a-9eee-2f91feba32eb
Aylmer,12.95,7.8,b0484379-db76-4fd0-9421-9f377920e848
Westbrooke,27.97,4.8,49865a56-97ad-418a-9809-301c037d39c7
Bertrando,15.93,3.7,048e30a6-5cf7-45e2-a49e-50f181c36ed9
Heinrick,68.3,6.4,1bfef340-b0d8-4936-b5ac-0e07e85ea708
Anderea,94.8,9.7,ce28dd50-af6c-45f0-acce-99a11ba2fab4
Sebastian,56.13,4.6,0c707266-d649-4a75-a03f-a1b1a9c170e2
Norris,15.22,6.0,61edabbe-9e74-4a09-a5cb-2e590bf33c82
Germana,20.38,9.8,4b6ff84f-4725-4ff7-88e5-810f037cbfc0
Sherm,4.83,4.1,b17d04d4-f5f6-4a77-be31-36e127ccceff
Maxi,69.48,3.0,2accead2-6900-4686-8ce5-8cf1abef18a8
Tore,26.47,1.0,3fadcb5c-aaea-4867-876f-2b76e3e4f82d
Trev,87.8,5.1,854c1d21-72d0-456b-83e3-117ca3f35e83
Lurlene,22.66,6.6,8685d9dc-fad8-42f7-9de3-16d7c39beff7
Keen,27.44,9.2,3d66ec96-093a-4179-98ee-25bbef2f1370
Chancey,49.61,0.4,d85136d8-1896-4bd6-9048-26582d0b7ccc
Scot,62.58,4.1,6e77fa89-010f-41d5-85bd-ba2b44d96c30
Winifred,41.63,6.6,0028dfab-4ddf-4cb3-8876-6c7d61cf46ff
Bathsheba,1.41,4.4,5005231c-aefa-4723-9094-493bc9e71acc
Vanya,29.08,3.5,14f1e01e-281c-47c5-832c-54b4155c6f00
Reed,86.25,8.0,8ea881a2-2c09-4945-a4f0-6fcfe1b2ffbc
Clementia,44.89,6.3,de2092b7-e574-41d6-b8fd-4321078f47f1
Nero,28.32,8.2,ec0d4864-b27f-4dbb-adc2-28f664c0ce08
Marijn,98.8,3.7,7088e7b7-bdc6-4e56-b6a1-937120ff49df
Brig,13.41,6.2,04a47411-8b18-4614-aa05-3fa6ecc8c4ac
Faber,48.93,2.6,22953939-27a6-4edf-b7ab-3db039de99cd
Daryl,65.39,6.3,5811f5b9-a38d-47ba-a00c-2196cf022196
Holly,48.31,6.8,b3c9122e-478b-4e82-960f-e7f1645ed08a
Clara,72.37,6.8,0162921c-0cf3-42a4-9dc3-da24587aaa84
Jenine,61.91,6.0,73a176d0-89fe-4d98-9027-d5c8d8de4e8e
Suzie,69.24,5.1,49e06f91-1001-4d2d-af46-d9d3ee739e63
Kally,70.26,7.3,30d9f369-a29e-4f5f-a4d0-91b655fbe932
Cristina,42.25,9.3,2808e753-a933-481a-8ed0-01e83f09ebfd
Garrick,41.19,2.3,6863cf76-0b20-49fc-9633-60278cd00343
Tomlin,45.47,4.2,a97daaa9-55fb-455c-b8ac-7fc10f9341fe
Ronnie,42.4,3.2,7894b9da-1c26-4415-b7b5-f3cf5d559c87
Matty,98.32,4.3,797d3f43-8d60-4b9f-937c-0fdad7f9291b
Desiree,13.14,8.2,0837aaba-fe50-490a-a4b2-953bda008d24
Brigham,21.94,5.1,fd4e61f8-ba3c-45ca-abbb-a4b7f0fe49db
Evvie,29.62,5.5,5ad9fb94-b106-4c0e-9107-0ac3596564c7
Nappie,98.55,9.3,78ec1772-c659-4219-a7df-ed2cb27bc849
Idalina,18.96,8.1,751c63ce-9ad0-4dd6-9d97-f8fb1c0ef59f
Vasilis,99.9,4.8,7dacab58-5ae4-41c4-b036-6f8612ab06e8
Edlin,76.12,6.6,b6ac7603-8654-414a-b8b3-5e97068e7d59
Andrea,17.81,7.4,cf8846f9-ba99-481e-b31a-f2c66bd2886f
Liza,33.27,8.1,9c2d62e6-278c-470d-b70f-f1f735d2ee9a
Vilhelmina,53.55,2.8,f31b2dee-e522-4819-adab-3602c50a5707
Blondelle,69.89,0.2,a448757d-097d-4efe-8cb8-35a35466d5c0
Gail,19.89,9.0,7549dc1a-555d-4a5a-8d5b-29e056116b24
Trista,79.17,6.0,20557d12-5da7-4f5a-b5b9-d3cc01a0df88
Isaak,33.37,1.3,2e9d9ceb-7023-48f1-89b1-478c9d3ebc64
Glenn,94.97,5.0,8633d9a2-1e9b-4f49-9823-f9441549e6e9
Rodolphe,68.64,1.1,ce5f267f-01ed-47d8-b43b-74e8cc74ddc7
Stephen,35.69,4.8,5b92607b-f4c2-4841-a261-b2434c9d2047
Arman,21.37,2.9,0444c9b4-6e69-44ca-8446-297820e9e622
Gwendolyn,67.51,0.9,02ab9b71-5bad-4550-9451-e22c3cb59d50
Con,19.33,7.5,345b62e9-c329-4319-8156-825447196c47
Willi,19.49,4.8,c168a0ee-e4f8-462d-834d-a096e1b08d88
Cal,43.0,7.2,c7aafad0-3db4-45f2-a99e-8729b568ba9f
Scottie,21.11,3.2,f0226728-821a-4e8a-bd39-4aede5c9970d
Aleece,43.74,1.4,a74c36bc-76eb-4958-897e-e210ff2a315e
Felike,78.72,4.4,c8be7135-8010-49c9-b679-15da2c551cfa
Yvor,52.37,4.6,db2efac4-15d2-4d13-9da1-aee419251b1a
Skipton,79.12,10.0,592418ea-9c9e-4614-be9e-41111f75ab52
Reyna,37.2,9.6,ed1dc91b-f150-48fe-979a-f94530ebdcd6
Maighdiln,14.25,9.7,5d8da074-543e-49b3-87b5-41209f9fc082
Belva,84.83,10.0,b41a2bf1-bf67-419a-8e6b-34e6d19ffa02
Hans,75.33,8.3,029472d1-401b-4056-b115-2bcff95dca4f
Jerrylee,23.47,8.9,4d2ad2a3-33d4-457a-bcdf-2cda912a1a97
Bailie,99.13,9.7,ca97bfed-0b33-4008-b151-aba7c2498493
Nelson,11.67,6.9,ca9a9882-2d3d-4506-9844-b26dfc8d4c02
Teirtza,6.46,0.8,887c3235-9bec-4ff6-8388-d2be1d49cea8
Genna,61.32,6.1,36856455-9a22-4e85-8e37-4d3374cdbf72
Sal,40.98,7.1,c6015fc2-bbdc-4068-82f5-ff1b38418a94
Marianna,22.65,8.1,76e738a9-c4d2-46ed-803f-db64922741ce
Laney,30.96,8.6,4fb5b7d6-1177-4337-973b-2f49ac1a7406
Onfroi,76.38,0.6,2bfcec74-f873-4a10-aa0e-72609bed769d
Mellie,49.38,3.4,93a08a5e-86bd-4d3c-9868-6b35f5cdac11
Ardith,52.7,2.4,236abb28-4458-4681-9751-afac2f2eaf8f
Corene,16.57,5.7,01b3176b-ee0e-44d5-a3a0-33d673b54c26
Elijah,11.75,9.0,a135ddf8-f5ce-4d8c-897f-c7beb4410c61
Granville,54.25,9.2,47c2dd8b-5991-4ae5-9c2c-8ddb71238c7c
Tilda,93.2,9.4,ef2ef57a-0bb9-4cee-b53c-2785db3514f0
Randie,6.37,4.6,4ed09833-d780-4cb7-85c6-80e017c7e40a
Padraig,59.35,1.8,50256aee-60f6-412a-84ec-9b9bda08c0cf
Kaylyn,17.24,0.5,27ff547c-3679-4397-bd78-8a1e80cbcafd
Armando,42.8,8.6,06455444-d529-4826-9c0d-7fe93a2ce13c
Myca,73.98,3.5,9abad381-a7d5-4220-9a93-df322a4f7838
Jesse,39.93,4.9,5b5905f7-e26b-461d-bd45-63d5206131cd
Camila,24.31,7.4,1f671f35-984e-4e40-b807-79c712562068
Lauraine,18.95,7.6,4c23099d-e927-494b-9b32-9c1b0ddb7765
Norrie,35.53,1.7,03a95493-5445-46ea-acc8-521f4161113d
Nolly,86.65,8.6,af5374d3-c6e7-4aa3-b844-01b197a55d2d
Karlene,77.23,7.1,380a5908-4f16-43cf-865a-cfc0899d2191
Dunstan,34.24,7.4,bbb2aedf-082e-484a-bfd8-162ea6c87caa
Davide,68.37,4.0,450ba5a2-5714-43e8-bb4e-23745564469e
Gery,71.48,9.4,b87c1ea7-b191-491f-b281-eeb9e005eb36
Armstrong,81.51,3.5,79943712-1d74-4c06-bf7d-ab7307cffc69
Percy,28.35,0.1,02acbc63-bb9c-40e0-b16e-b6dbe0c0205a
Wainwright,93.99,0.8,88e6ef40-5efe-415e-becc-c0d02da08cd8
Pier,92.36,2.5,8b5bce91-ce1f-46c1-bd51-74f13ba0a5bb
Keefe,84.77,0.9,4c1d7cc6-1156-4233-a7b9-aeae0df4339c
Leicester,38.2,5.3,7484a31e-3b9b-4555-b49e-8078f18e9e96
Mirabella,5.24,8.9,84304df0-4e8a-4666-8191-8dabcc5e456b
Lexi,49.85,3.6,35e79da1-94b2-4f56-9729-c99448f74fa5
Carlin,69.89,0.9,c4c9eeff-2806-43a2-a6a5-0f7d399ec1d7
Stanleigh,89.83,2.8,ae08c5b1-56a2-4dae-92de-71ec1eb1adc1
Lucias,1.35,4.9,dcf70578-466c-4713-9ba8-466b6ba3ea2b
Alick,93.06,1.4,e7cf9442-c179-44cc-aa5e-cc0c09c5bc6d
Joletta,40.19,8.9,332ca61a-f709-4d2f-b206-8674ee425d4d
Ofelia,97.66,2.5,98c41288-3844-4a33-9cc4-ebab24040e5f
Elwin,91.52,3.5,7492bf52-c6f2-4f4d-85fc-73c6622f4657
Ricard,38.53,4.9,f2fac2c5-6e5f-42b1-8ae5-4859125a19ca
Yelena,32.26,9.6,9e619b0f-99e4-419a-9907-de14ed99aa77
Cesaro,54.38,3.8,dfca07da-1251-45e3-aef1-9cadcc16a3b1
Felipa,52.58,0.1,9c33f230-c435-4089-8160-7b51d79a271e
Jarib,69.63,3.2,20e5f062-67dd-484a-8a63-c636866bc283
Orelee,24.05,8.6,9ebb4c51-cae5-4ae3-831e-6ebc9b87bf48
Aeriel,6.36,7.4,b0feaaea-a78a-4b5c-9539-e4a29bc2aefe
Deeann,73.34,7.6,b3d9540e-3b23-427a-a47e-0ae99d13652e
Maure,76.99,8.1,d6431051-d53e-4f39-aced-728d0a9617dc
Bayard,22.49,4.2,df8c80bb-c593-4b9b-9b13-c331f0ab5136
Bev,68.52,1.1,525ef6f7-22e1-4824-855e-f89f4fc46266
Gisele,64.17,8.9,fede8284-a244-4e70-bb71-fd7a0e8da13d
Paule,84.13,3.2,ced9715a-1e91-4666-abbb-f2b896e67915
Tadeas,29.45,1.9,c1dd812a-6fda-422a-9bf1-fa88da7875b6
Dan,86.62,5.7,d3b2cb75-022d-4379-856d-a473fcc2b41d
Milzie,79.29,3.3,717a493d-7615-4642-95db-c986ef06c6ef
Gloria,33.1,6.7,465dc76c-6f44-4571-937f-9ff26d39899e
Adelaide,75.6,8.2,f23440d9-f98d-400e-b0be-b51d3df24cce
Radcliffe,1.14,3.8,57e7ac90-e676-4f32-86d6-1452b1fd09f4
Charmane,54.78,8.9,cef97f06-e69f-46db-967e-7fa54d000e74
Franky,38.23,0.8,9cc76a4d-6e0b-43fd-beae-835b80107f1e
Rozele,20.54,1.2,476bf628-f321-4fc2-9410-1081832929ef
Adamo,47.92,8.0,895d83a8-58ae-4336-ad9c-8633ff0ee957
Starla,26.67,4.9,5292d34f-44b7-4077-ab7b-e9450eb0b31b
Ettore,44.19,9.2,141b0025-366e-4ebc-b0b7-cdee8c9590b5
Audy,88.99,6.8,06878406-c9f9-4808-a58f-a80be7037126
Monro,90.73,2.7,f2d2ccad-9e61-47ae-bafe-14ca59f6afd8
Ellette,83.51,1.5,56e00483-5a37-485e-9659-3ab99332b93e
Selia,79.75,0.9,393f5315-a44d-4f95-9e7b-f8bcbb0d81c1
Nona,71.28,0.3,d88ffa66-775d-4398-9748-3da78276286f
Elvis,39.13,8.9,89578f52-1746-42f0-8c45-81ab83a78d2c
Charley,42.89,10.0,1ed39a61-58d9-46d1-a11f-3192afa93f2a
Cobbie,90.52,8.0,9873129f-94c4-4e39-a777-cd1dd0de1334
Consolata,50.64,4.4,3d03e3ed-5a16-4b01-a37c-28bc36f53a16
Crissie,19.54,5.1,3ea9528a-df3c-43be-8eeb-7f5cac76baf1
Cordi,20.65,4.4,42da5292-c9ec-4be5-b8b1-07478519bfa1
Aryn,11.92,8.5,310cfd7a-cc29-4a93-a793-e92edf39161f
Janenna,1.31,8.2,a2ff7be0-1739-4288-9e76-f04a94e9969b
Giffy,58.3,8.0,9a2cb708-6bea-4b9c-b2eb-d1bb765173bc
Zelig,29.59,0.3,f958859e-2299-447b-90c2-e3d6a87aec36
Shayna,5.11,1.5,0fa2edb3-0272-41a0-b1ff-60e09ded32b7
Hobard,80.78,0.1,dc2d3c92-57e8-4bd8-b15b-2dcbade5e146
Morly,67.7,3.2,e41d2008-d338-4bc6-8a95-8a561f25851b
Thornton,73.32,4.2,aa3b0707-f671-4bc4-8ae3-0e975230d970
Thorpe,20.82,1.7,a3bbf676-9e91-48d0-b16d-84730600d190
Nora,56.54,0.9,60edce4e-10b3-45c7-9c14-7f2d0af13820
Sascha,70.69,9.1,a2723a99-af09-46b8-a599-18d16878a614
Silas,60.86,7.9,20d061bc-16ac-42f3-a3d2-5f8427ee094f
Xenos,64.41,0.2,3ed9df77-4ca1-45e0-834b-ba7619da7827
Weylin,30.05,3.2,9a6a3f0d-fea7-4ae5-af47-31c8ba056baf
Shari,24.93,3.4,bd1f7dcf-242b-43e6-a834-165f2afd621b
Demetri,0.61,8.3,857c9a76-3fe1-4b33-9535-0acbc4dcee71
Amberly,22.42,5.6,a6e22b96-64d4-4af1-8cf9-95e2db636962
Nanon,90.95,8.4,1be6c11b-ea63-4de2-bad5-7d397b419809
Georgi,65.32,1.4,051a9950-6e2f-4184-9dd8-0952ca18e4d8
Orelle,52.45,9.9,98cae39a-fe37-43e8-9bda-83f957f1d136
Ashien,42.14,8.7,7b629208-85fd-4380-88cd-eb8582c77ad2
Mylo,5.39,0.7,e66c3fda-d7fb-49b5-ae43-758c8e396cf3
Ilario,19.28,7.1,4dbfc718-da32-4afd-923a-ea8797918adc
Deva,11.85,8.8,dc6f3dd5-fe4f-4c75-bb56-d4a4efddcf66
Meir,2.27,7.1,c7f0bbe0-dade-4bc2-b32b-c779bcb41d5e
Haven,36.63,8.3,d8cb50d7-d95d-470a-8197-62adb3924c7f
Salmon,44.07,9.3,7319b8ae-7a84-45d3-81d0-e953e1f509e1
Holly,54.31,7.3,095ad2a2-7972-4a7a-98ba-7fb53648bd15
Allie,90.32,4.4,ca6db237-143a-4849-b4c2-4a08bab1e1df
Christiane,1.02,8.1,4d703c02-aa91-4234-8ff4-b33b464d3ae7
Roxy,3.72,5.6,1a9a3408-7e72-4a3e-ba1d-326f171488b2
Reiko,34.23,3.2,0d45b5c5-413e-480a-8a47-7345c77817b5
Sofia,63.82,8.1,dbb16598-bf49-400a-abd8-1f996fa8b335
Ansel,37.21,3.0,1a3f6eec-bdae-4696-b56e-f6d33a6a6f0a
Nerta,47.86,6.5,fd146f56-099b-424f-a5dd-308affb82ccf
Ode,70.78,0.5,584286e8-f488-4ce6-8b20-0c07990dedd0
Sher,41.41,5.4,468e7761-2b04-46ce-a2e4-e41d8386b6d3
Patric,3.14,0.4,0435c9f8-bf92-4a7d-9cbd-caa40609ea8f
Theodor,49.99,6.2,3fc45631-1f91-4acf-abf0-015dc990483b
Melania,54.0,5.1,f0e04010-1cdf-40aa-a51d-b906f6f8631b
Robbie,46.12,9.5,d2154fdb-091f-42f7-bf6c-0fe806a8552f
Kellia,5.32,2.7,90621e07-9379-435c-8578-cb447ee33249
Martino,79.01,3.1,4068f182-4bff-47e0-b0f8-9e43f5103e5f
Bonnibelle,94.66,4.8,bc364b35-f94b-4ecd-8df5-dcfea841b0d9
Ira,80.28,6.3,a474e7a4-29e9-47c9-8e54-5b077276f710
Lillis,55.92,1.1,4290dabb-da8f-4536-9af5-386a8edc1342
Felipa,14.23,1.5,2a15bcc3-c24a-419b-94e9-8a5e2d680d60
Maudie,39.09,4.6,dc7c9fbb-bb63-4c95-ac12-896f4eac03e9
Rory,24.74,0.4,cb308658-96f4-463b-8d71-afcf4c47a6bd
Lucky,95.36,2.6,c3ff7922-efd4-4b3c-98f8-afb1e249a43a
Chadwick,91.11,7.2,aff3af70-9c58-4695-9a36-4fe9e27fdfa7
Kennedy,56.39,7.6,c935a83f-622a-4409-9abc-cdb7fcea8d72
Kliment,36.83,5.0,839b8cda-904e-49f1-8985-2e802cdd5cdd
Sibbie,20.48,5.3,ee027e0e-6ac9-44f2-9dc3-2a37857959a8
Nomi,8.73,9.4,1174e965-22ea-4065-ad90-cbb1b54289c8
Skylar,90.79,7.0,9554c146-9866-43f6-aa12-a81b2d95b472
Dun,9.99,4.5,c975cc30-716c-4d98-9550-ad858554b39c
Misty,64.37,9.2,9571c020-60eb-44dd-97f7-af9b616965b7
Roxi,95.55,2.3,8ab3139a-63f3-4015-93e6-651ab014da78
Bernhard,3.37,5.2,e8c3a5c0-2bdc-4f4f-860d-97fe64e31602
Wendell,63.76,4.7,5cd64b05-a39f-491a-b837-925be887675b
Lynelle,28.46,7.8,554c3e78-4342-4bfa-861d-4023a54a12c0
Adriena,71.37,2.6,725db261-4cf5-4f3e-8b18-72464bd5cf77
Joycelin,0.53,6.1,5f2c1eb5-fb60-4ed3-8b1d-8f329baf5aa2
Tabor,13.26,8.5,b4505570-a983-49cb-9541-55e6a51c7dd0
Boone,98.11,3.0,62c51a1d-ea30-45ed-b817-3b7170358ac3
Karole,65.41,3.6,b7ad0c20-36ff-43d1-851c-f354096cda36
Randolph,90.09,7.7,01a3871e-5579-42bb-909d-92e4c64c6971
Maud,32.32,0.6,ed9cbbda-08b4-4a6a-af1d-f6c4d7514a8e
Danie,18.33,0.9,e545cbdb-26a4-4ab1-b104-e2801ad04f52
Brigid,61.55,4.3,b8960fd0-c4f3-40cd-a64a-a9886c4549b5
Trina,71.85,6.4,003954e6-a682-42a5-8deb-c913de97fefe
Ferdy,26.29,2.9,0d6dc5d1-6533-4982-878c-f01eb47eaa5a
Benjy,15.2,8.3,22b2844f-aec5-4380-8f61-228fe61c1d4f
Cayla,98.33,7.1,7e8ac4ba-3247-47d8-bd23-0ec47cf8c0fa
Tamarah,40.33,0.8,d7868bc9-a7b2-48e0-80ff-26d2e5991c49
Shamus,61.45,0.1,76b7507b-f480-47f3-9e22-9d689bfc2a97
Kelsy,29.26,3.4,c42f47af-3d54-47f5-8e17-e5c1e8a57e58
Loretta,70.02,2.8,189e4351-d963-48d4-bbdc-0fe16a9e6824
Correy,40.75,4.0,4560f03f-20ef-409b-b072-4a4241621350
Margaretta,79.83,6.5,6aef3e46-6f2d-476b-8f0c-a1b2c34f7629
Sheeree,78.85,2.9,3c155f3b-4491-4c22-80b6-a92eca4b165e
Vito,47.6,1.3,6be9519c-c87b-40b6-ac1e-1529b42446e0
Davidde,63.79,6.2,716665fe-5287-49bc-9a14-97543de05ff1
Danell,57.77,8.4,ade80d4b-f0aa-44df-a649-75491e611bab
Arielle,68.99,4.5,fc295578-7430-4dfb-959c-71350c03adc1
Aluino,69.64,2.9,ba6ae7d5-27a2-4566-b6f9-0b1655e93847
Tad,19.58,7.1,921264cc-48e1-4104-b3f9-96660f7a87bc
Iain,79.51,9.3,a3bccd7e-183c-46df-8a38-6dc6f564a4d7
Vitoria,23.8,1.1,669860cd-9347-4d33-8ec0-8a5eb3cdca4a
Filberte,91.52,0.7,bce37f6a-bbc1-4680-9c6a-e45702618051
Horst,44.46,9.9,a16076d4-4662-4953-a2ce-3954fd840c52
Thacher,65.92,9.5,2febc287-e92a-4688-be2e-2b7669e46302
Wes,99.11,5.7,51fb9eb2-dbf7-445c-9e67-231efba14070
Oswald,15.51,2.2,8b4074ee-4d0b-4802-9bb0-f6e894f8cdd5
Dickie,16.18,8.5,b682fb3c-459e-4a77-baac-cb66ef7accbc
Skyler,79.6,9.5,932ff328-bb72-4c3c-9e0c-341071d1f8e4
Neill,49.28,5.2,2e8fd16d-63e9-4501-bd2e-f2498d283bd4
Vonni,50.05,0.5,e00458bc-9252-449c-a5c5-0562b94b248f
Coraline,57.15,7.7,40f01c5b-9f97-44ec-89cf-c9f18697cfca
Errol,1.06,3.2,84d6447e-5497-46ce-a16b-8e462d3cd734
Arri,50.82,1.8,41030db3-666d-4d7d-b47f-fe46abb9211d
Waly,10.7,1.9,5e723eec-2092-433f-84a7-ff4121c48c66
Adah,15.61,8.4,6361134b-322f-4c01-9eb2-c0eada010354
Albertina,48.0,4.5,4cf0b7df-9ebe-486b-868c-038071e58dae
Issi,61.15,9.4,530f6075-e446-4a66-a7ee-5a5d1680e8d2
Cathie,99.96,1.6,c0751f25-34da-4522-9708-3279e52a88c0
Muire,15.63,4.9,03ad372c-e11f-4551-8ca2-a34c3949a06a
Ignaz,70.22,3.3,df939fa3-0a0a-41a0-8eae-0765e3b2c5e4
Buddy,78.79,5.4,6640fb0a-d934-445a-9bdb-e604f20a8768
Gwenora,44.82,2.7,b7b37bc5-3a49-4d43-aeaa-a0e163654d24
Adan,13.22,2.7,cd87fb88-e654-4265-ad7c-9dc2fd898c94
Loise,1.73,1.5,07f47e86-115b-492f-aba0-24a47b16e3de
Ethelbert,30.14,2.8,0ed481e7-ad79-4494-a4b4-0623d204aed6
Cos,93.35,2.5,b33eac1a-82d2-4000-a3dc-c2acf881faa6
Jilly,72.38,0.1,00c8f17a-8b54-48c9-9506-120215f53312
Gunilla,45.68,4.3,fc3e634e-a934-45d5-843d-cbccdcbeea2f
Baillie,36.11,3.8,b5bf18db-4026-4935-9ee6-25899c8ea899
Bonnie,40.17,1.0,c33e9753-a217-4a84-9586-988481a84d55
Siana,28.18,5.3,fc2f6253-8180-434c-9833-9e16b8f971e2
Beverie,90.06,5.2,f9935a05-a3d3-43e5-932b-b5b2c9a4578b
Cherice,39.02,5.5,cf1005ed-e00a-4cef-b582-9bec76526d94
Rose,67.05,0.8,a7723d46-2e82-4bfe-923d-29c8e6575384
Austin,51.72,7.0,ad697739-1669-4d67-8302-f8f0411f5b76
Jodi,2.78,7.7,391fe293-d4ff-4d81-b28b-480c9bb6f683
Mabel,36.26,7.0,f7ae71e4-8f86-4467-879e-565badaf9f4a
Rorie,20.22,5.1,ba2bd871-1342-4157-a8d1-68f060611df2
Merilyn,86.89,7.5,f414435c-14fa-45a7-9b11-a3bf3407c1e0
Danya,7.89,2.3,c50825ca-8810-429d-9e56-929add0faa9c
Michael,63.25,3.3,a5c76a1d-90b7-4f84-be59-2f8a962e3b35
Akim,24.6,9.9,81171833-43e5-4ffd-8d45-c63f1ea059db
Michal,96.01,3.3,6c9d1b5c-f251-40e0-ab1c-78d22f4a1c00
Hammad,88.34,9.4,32222d87-7ed2-4a69-a754-bf336a6c6c3b
Becca,99.54,3.6,7556bf84-8683-4e93-ac7e-e95af94491f8
Jake,30.26,9.6,f3683bec-253a-417f-bfff-c7830d766c27
Laina,61.31,5.4,d311db00-711b-4b63-a142-cb43de963338
Rabbi,87.75,6.4,a691be09-50dc-47fc-9161-3a708aeec498
Ferdinanda,82.58,0.6,0ffe2aae-0018-4138-8cca-f4be2d23a005
Harbert,29.58,1.1,95e0ba8a-3925-4634-8c87-bd434b744af5
Bethany,99.84,6.4,c31e8905-44aa-4caa-a6b5-d6ded063b6cf
Eugen,90.89,9.1,379e2d19-ef8e-4733-913a-448147c13c36
Angel,2.86,6.9,6f854a58-7bc2-4ed3-b144-b867e6af2dfb
Jeth,58.73,4.7,6ee514a8-2abb-4e66-b677-540db611d97e
Worthington,14.69,7.4,ac79a8f0-56d1-4fe4-adc4-00844e5edee5
Germayne,93.2,8.8,5266858b-3e82-4d1e-af6b-85ba8cb09143
Cindelyn,99.79,6.7,037351bd-841c-4167-acef-69cc90a85075
Lance,30.01,0.5,1b75c733-5646-485b-bd85-359617499597
George,44.86,7.7,f1e033c3-eab8-49a5-9d3f-dba00146fc15
Nobie,96.17,6.7,b55079e4-1164-43e8-a8fc-b62720165505
Jan,55.69,3.0,f312cd9d-805c-4312-b1f0-056d4167ddec
Jillayne,17.33,4.9,595d2e3c-11f2-49eb-856e-d992c2e2375f
Xylia,74.32,6.6,08fd7cf3-6001-462e-babc-2d5793a5e355
Cammy,54.1,0.4,12b8f5c8-f02e-4a5d-b828-98fd07a70c36
Estrella,1.92,2.4,6e28b0e7-a9f4-476a-adfa-f865b9848e18
Austen,21.83,5.5,26c28b92-ac9a-4b65-ba1e-4d0c86441cb9
Talbert,86.26,0.4,acc58391-bd4f-4931-93db-dcc26e8e39fc
Frayda,21.87,2.1,999bdb83-cf94-46aa-9a62-487660207941
Corri,21.52,5.8,95de1e4c-a8fb-4577-9c89-9c4bd56ddfe3
Dodi,51.07,3.4,e96cc55c-f4b1-46e4-9924-2ed969cda8cd
Grete,19.29,5.2,f770c003-61d2-4872-a0b1-d03f18265303
Genvieve,25.76,7.4,fe5931d6-30e8-42ea-bbe4-28becc4551c4
Percy,9.52,9.2,89fe620a-b12f-4eb1-b79c-96ae7179e394
Cody,80.41,8.2,c5d0ce74-2955-462f-8a3d-4679d86e63e8
Nerissa,76.14,7.4,44211b1d-615a-41a9-9bb4-b369b6e6191d
Aldon,69.69,3.3,fc502ee7-66f2-4838-8441-44936ab4252e
Deidre,33.93,0.8,950f9d5c-8269-4eea-9733-f22ec7ebe134
Llewellyn,7.45,4.4,4c913d97-4edc-47c9-ac74-cd71ca6c3e7f
Jerrold,73.59,9.1,5b976473-cc6b-4dc4-9399-01d5b04c2fc5
Arnold,28.53,6.1,942512cc-b010-4855-923c-1bf05e5633ba
Cherilyn,87.48,4.7,c26aa65c-89ae-428a-b203-b47d6aaa9157
Desiree,50.99,3.7,680c34d5-0020-4b04-96c8-f270655efac7
Wyn,81.22,9.9,c26f7aa4-4df1-43d1-a995-0b7856529a84
Delmore,36.02,1.9,a4ee99f3-18be-4825-965d-6eea1f7539fc
Aarika,64.74,0.8,128e8be4-f604-40c1-bf05-e7ad79a093d5
Candi,53.61,8.7,b890e863-fa67-42ad-9a52-a880ec2b7406
Matthus,93.42,3.9,0f72191a-2f6b-43b8-a091-ba8ec9fd5c5d
Valene,97.34,2.0,8a206915-c63b-4303-9351-36fa8734238a
Reyna,49.73,2.7,622c772f-1f53-4c90-9b51-5d5490375f77
May,11.65,2.2,b505c55b-8cc9-4986-a90c-b4d4298f3ff1
Orville,20.2,4.1,73e46b0f-6cfd-4c3f-bf31-2079bc335239
Ondrea,68.52,4.6,5fe22c17-8cbf-439c-b0cc-d09cdf31d0fa
Nelly,78.69,8.0,b9f8df9e-70a8-4c68-8d56-bbc605ca4f42
Clare,14.32,5.8,fe8ba7c7-655a-415d-8e5a-84c5b8e7df05
Cecilla,76.47,4.3,26b71dfe-6590-45d3-9de6-6adb6d9ea79d
Annabelle,78.48,6.8,7ecde0f2-8507-42ff-9dfa-416bd88a80ae
Gerick,0.32,3.9,27ac4432-2ec0-4c78-b221-00d020ba8dfe
Menard,52.81,8.6,f7e96bf1-5773-49d6-ba0b-d5aa8ab15725
Cammy,86.98,0.0,f986e22f-b166-4966-abe2-cb16bd629166
Abram,12.57,9.5,df25df0b-145f-48e4-ab79-c0b14e1ade75
Beverlie,18.03,9.0,5707aa98-dd74-424a-ae60-823e48d43ab3
Waldon,48.07,10.0,9a83f265-0ebb-43f7-9acc-78cd96445c5d
June,81.6,2.9,bf58bc5b-ca4d-4ae2-82b7-83d14b077b8b
Maurits,23.74,3.2,d155553c-f7ca-4c3d-b038-db0213b65e46
Kala,50.84,4.1,6e50fc81-8fb9-466d-a9e5-b90c31633dab
Zebulon,76.39,6.2,a6949cdd-2050-4b24-b1ce-a4365a0ce751
Dimitry,60.79,9.5,9c749600-d123-4c5c-b98f-601e8aaa9415
Wyndham,10.85,6.5,213c47d9-bcf3-4e53-9be4-b0e24c05f10a
Bekki,48.56,6.7,e927b45c-6bf4-4fd8-b053-69c6fcf6d163
Jaine,98.23,5.1,1c5811d8-6d37-49d0-8432-a5ae786f925a
Larissa,25.71,1.1,b0c81bcd-0089-4873-846b-9961636f1eb1
Minda,4.98,2.3,3bcef240-8f56-4c07-a0d1-36fd8fa2bf06
Kate,82.48,8.0,74c03171-e23b-480e-adc7-7d0e8edea2fa
Haskell,50.95,4.8,7d2ac32a-4e4f-4765-a1b3-27aa79f3e921
Alberik,72.23,9.8,2e2d1c39-d93e-43ac-b67c-be0fd8d73daf
Ardisj,48.1,0.9,00662db3-3a36-4960-a35a-24dea79ed301
Karlotta,19.74,6.5,0f42173d-380a-491b-b613-cd8cc6d6f67a
Lynnell,37.05,8.2,b6e19308-d991-414d-b7f3-0c2c4d5d8954
Adrien,47.11,1.7,20ddc761-2836-49d7-bd25-f54236af0e34
Karla,66.41,9.6,9a8a9127-b790-40f1-920d-06e1beab786f
Almeria,18.65,2.5,a43bf541-3602-426e-addc-2882fc6383b4
Allayne,2.22,0.9,b3e1f58d-0fa2-4b97-8dbe-f3de70e6b89c
Glyn,70.88,8.2,6c6cd01f-cbd4-4efe-a31d-761d2dd88384
Bonnibelle,14.91,9.8,858a1d59-fbb0-4758-8332-ef46179e06b0
Gris,18.22,2.3,d839d882-8694-4574-927f-65bf0e7e4663
Marijn,20.49,1.8,9dde5261-e87b-40c6-8643-e9ec877617bd
Bradney,48.18,1.1,bea6b393-fbad-4bb1-bea8-dc5e718dab7f
Myrna,43.38,7.5,c607cdf8-9e26-4403-8dd1-36a0408f728f
Eugine,64.72,2.5,8cf38d89-4b49-4fc0-b931-48bec87cacd0
Wayland,41.81,0.6,78bee8cd-a1e5-42f8-88cb-94473b585f2c
Basil,52.78,3.2,2e4f4939-d908-4d53-bc46-4c54a1329d55
Sybille,21.66,2.4,e62a786a-5543-46df-84cf-bc30a100af50
Drusi,59.24,2.5,e65e6e4a-5950-4abc-aca4-33478bd5ff0b
Cedric,44.12,0.3,b1d47a86-e9a3-497a-b575-eb15705b2d49
Angela,18.27,0.1,3d3570e1-803b-460a-b6f3-9a08fe29057b
Bronnie,41.72,7.9,b12c49a8-5935-427a-8c00-876edef28a42
Annetta,44.76,6.2,1495bee0-5ab8-4969-a2d5-ef1d9fad7715
Mayne,73.3,3.8,ea5fde0d-ae69-402f-a805-668e88629964
Lauretta,70.21,2.5,29047f96-d17f-48cb-a4fb-a531d0d85c26
Benjy,18.33,5.8,5ec9ae62-0b2d-4962-a3b1-03781ae5f9f5
Caressa,75.68,4.0,36cad566-f42e-49cb-bbf0-9b0fd0429880
Grant,57.67,7.0,fef9cf74-654f-4771-95c4-641b925af00e
Colleen,35.98,9.8,d511718c-c2d2-4e14-971a-9b8c0fe3f9e6
Cthrine,82.05,9.5,b228c3ff-9abf-4709-b942-96a674ad672a
Lisha,69.22,1.8,35e65e2d-64ad-44cf-b76f-6910574673ba
Rosalind,66.23,0.1,afd2f643-60e9-465e-aee0-e8e2aa47be96
Oneida,16.92,0.4,aeacdcb2-ec8f-4a56-9f3a-fa9d40c7dba8
Enoch,95.66,5.6,cb9dfb82-bffc-4669-889d-8ef02a502d73
Marv,56.72,2.4,4825ae61-67ee-4142-9299-564151e26ef8
Rinaldo,97.63,4.1,a88364d6-4504-4ed7-8653-68a5941a25d7
Nikita,0.59,2.2,53caa61b-d2f6-4dff-91e6-02ca476c810b
Dwight,1.66,7.9,323f5d31-f422-45a2-a93e-79d5aadfc7db
Emerson,26.3,0.8,bcbabb62-7503-4224-9d5d-8ffc8a06e5dd
Farrel,96.38,2.6,c600ff85-7db6-4473-955d-a8e369703a72
Abbi,95.68,2.3,34cc12b0-5c37-436a-837a-9312c01534bc
Rik,24.53,3.3,72d2b8b2-4ad6-403d-adb6-8669e604c063
Sargent,89.99,1.3,599f2e05-c4d8-4de3-8dcf-cf2b719e049f
Sanford,53.84,2.5,8adcf9b1-8182-47a9-9fda-00ae336806c3
Lidia,83.41,0.0,77f769e5-cf8d-44d3-9a50-04d81b0af713
Georgine,86.13,9.8,b40f43b9-aaf7-4592-a299-4d2e381aa6ab
Miriam,78.0,4.1,a2fd4315-ae8b-40c7-938d-ade5c46d803a
Alexis,3.53,5.7,e4943d46-982f-4861-9c49-4a11d7ff8813
Clint,67.47,1.7,60c785f8-f9bb-452b-9f87-576c9c7e92c2
Florida,99.03,3.9,257a3862-b913-4ce0-877b-82df937d2e00
Charla,93.36,0.8,9de3df52-16b8-460b-8b68-7cf80d7cad2f
Isidore,79.99,9.4,f7d8edff-595b-42ed-b3cb-ccbe4c4502fb
Kattie,64.44,3.5,b6e50a8f-0333-4bf8-bc6f-a34c1a8b26f8
Cindi,0.04,7.0,1ac56fbe-1d09-45f7-aabb-6bdc2acacdd0
Celie,94.14,6.6,99aec957-00bd-4060-8fc7-d5ac6ae78e4b
Kippy,66.4,3.7,73c144fa-ab50-4f19-8fa6-de1182b15640
Peggy,48.6,4.0,60d81ff8-21fd-44a4-8696-66a8fc776737
Paloma,24.54,3.8,5941ba4a-519e-4bde-b7ba-d935496f546f
Vince,85.84,6.0,27f66da7-a104-475e-bf5f-fb14a1b1205c
Valentia,66.34,4.5,9eb94783-4bc5-4751-8e72-1bd2778a5932
Elwira,81.19,8.3,4cb02330-13e7-4230-9916-763c6e9a4d7e
Nikaniki,13.85,10.0,262e2460-49e7-42d1-b09c-cb6afd1cb458
Elden,65.82,7.8,a995a387-b5ca-4b5c-b165-c3b97ef4b39f
Kissie,27.48,3.5,5da94d56-c2c8-4a4d-affb-1f366008a2a1
Fonzie,70.45,6.9,d7074f5f-f95a-4add-9ce6-5b0c94c44552
Chet,16.53,4.0,2595f3ae-5182-4bfe-95d6-76193e4b1c03
Sawyere,8.17,7.8,1c2c92a1-6c72-4443-9f5a-75070ed09756
Winni,91.6,5.5,347c8aa1-f443-41e3-97fa-6b975b900a25
Isidoro,66.18,2.1,12012df0-8be7-4e2d-aa7f-61bd7f2d5043
Gale,74.29,5.4,6f012797-be19-47ec-bcd4-113156969bca
Keary,26.83,6.3,52d92563-75ea-4b39-b053-4156519a4433
Clarice,57.9,6.6,2d49a58c-f4a1-451d-a14a-8e438c5284fe
Thedrick,42.53,6.6,925d9990-8283-479d-88fd-37d31d5cbcfb
Leona,65.58,2.3,e03e6e8e-1e64-4b00-85e5-a15a3ee187bb
Giraldo,10.86,6.2,05bbd5aa-d0d5-4df4-9b4b-da5c72f0029a
Margette,71.63,0.8,b8956594-8c64-4f2d-b2b9-be76255ea071
Piper,68.62,9.3,a33e813c-6d7d-48d1-89b1-133b53742fc2
Micheil,69.3,9.3,0c235ed8-12a9-46d2-8d81-34045ea3c882
Dania,93.72,9.9,bfa29299-5975-4656-beb2-e6bcd79a9b25
Ali,74.81,1.6,64ee708a-6143-40b9-bd3c-1f02f1c81824
Margi,11.59,5.8,26fc81f1-aae7-4865-8c18-23c3ab3a04e5
Phillipp,75.45,0.2,9af6b362-e8d4-41c9-814e-c3b7f2a56b11
Lodovico,41.58,9.6,4f1d9581-af06-4c97-b61f-6facdaf4654a
Gwenora,54.01,5.5,fbdc5481-9bfc-4754-806f-57df53290c43
Pavlov,79.24,1.9,e4fc684b-40b9-470e-a71e-83b0bede2753
Jason,28.62,1.9,ae6542b7-1000-4c53-bd01-e48bba6a3fc3
Der,10.43,5.5,d211bf95-7d45-4ad6-9a22-0090e0fcb575
Caroline,12.48,2.7,5dc495c0-70dd-4245-b212-492e9d953157
Leslie,32.7,5.3,51fb3fb1-6faa-49ed-97f7-76e6a4da344a
Sascha,55.84,2.2,7307fb0c-5dd4-4434-9328-6fe2a4e5c8ce
Jacquelin,43.44,9.3,e62e40e5-f82a-449d-aa17-a0614692d5b8
Vance,97.84,9.2,e7770a3e-f840-4806-b799-89fbce8106b0
Verena,63.75,3.7,98925c9f-6c46-4112-9f58-f4ed60dde1ef
Husain,21.7,9.1,7786acfb-6c52-49ff-946f-c4db54278fc3
Jeremias,78.86,2.6,34380d9a-95dc-4be0-b7ce-ddd25f4ba99e
Elfie,6.16,2.8,f658de03-02aa-443f-8dd1-34af05f873f6
Janessa,77.82,4.6,f9301004-c897-42b0-a861-20ea45e04d64
Melany,69.75,1.1,5804648e-b731-4642-a29d-03128f70e448
Damian,53.73,4.1,23704bed-407b-46b7-9a31-a58826a8ff3d
Arny,30.78,7.6,a2de14ab-70ba-4c26-9f6a-88b5c34ba59e
Georgianne,4.84,6.7,a63a97f6-8a4d-4923-91d9-9127665b3ef5
Quinn,29.17,1.8,b5c59228-357b-4233-b33b-9b8ea17320cd
Liam,55.04,6.9,2ce9d309-6553-4f5e-a7ad-ee8b494cdd7b
Alvis,97.99,7.1,6ce7e34f-0464-4185-b83d-d0a958e77bec
Jephthah,34.51,0.3,69417170-0df7-4788-ba0d-777a92fbeda4
Kimmy,82.08,8.0,729141dc-1d0b-4371-9392-53f0e1cd9052
Adriaens,61.52,6.8,789a1efd-6a0b-486f-8dbf-0e366eb2d893
Silas,43.6,7.3,f411ba5b-242f-4191-a772-b42d1de9932c
Michael,73.65,5.4,f408eb65-e849-4939-8a4a-c2d8537abdf3
Deva,18.14,2.7,c06c3d89-6f43-46be-97cd-60e81b95af1c
Duncan,51.7,3.2,c88f0b83-e2ed-4086-8f12-5abed927deff
Arluene,55.86,1.6,2f8594bc-fed7-42bb-9e30-8f670314652e
Thorndike,17.8,8.2,7f57cb26-91b3-49b6-be59-0461edbb51ec
Lindsay,12.98,7.8,b427a524-b042-4b16-83aa-164d4b1e5049
Joyann,15.1,5.1,92ca4c00-857f-4113-92d0-4a37c4b1f885
Tildie,92.15,2.5,6adedd2f-20c4-4397-af7e-bfaaf979984e
Neysa,91.54,8.2,50cbf330-918a-43a1-ab4f-1c9253c6b336
Jolie,49.62,8.3,368dfde8-4c88-492f-943b-2010d6811d9c
Hermann,65.21,7.8,6f06272d-63bd-4d1d-bcde-8f3df4b511b9
Carlyn,9.6,8.7,e141c76b-2f8c-4906-ad7f-264986b93f7c
Holly-anne,18.22,1.6,50b0b96e-3dd6-41ac-8cbc-797a7eceb828
Marlie,80.79,9.7,8f80e246-0043-4896-9186-2ce2827bb415
Mady,91.09,8.1,b75b9d64-8698-40c3-ac83-f394857e9d55
Pam,67.48,6.1,90efb39e-109e-4fdd-b432-771360e531ce
Mac,49.96,9.1,c7e90db7-6506-4e1b-ae9c-c09610680179
Kimberli,80.43,9.1,ec74b1fa-6635-4fa1-83e6-9d6277059f8b
Mady,42.07,6.9,9826a47f-29dd-45e8-852b-861f8eda2430
Beverie,6.16,7.7,b779d34b-f1fe-4fa7-b772-51865fe59011
Melany,63.79,8.9,233c81dd-23ea-4a14-9e91-8c968e497348
Jacquelyn,52.47,3.2,79e80f3d-12b7-4f4f-b83a-db9fd480f652
Yorgos,6.39,8.0,b28113d1-e713-4a98-a5a0-ce0439e8dfe7
Cathleen,77.53,10.0,86a0aede-7b3c-473a-9d11-4bb9c39b5d1e
Dewey,21.9,4.6,5a7c9a2a-dbb7-4af5-84a8-4f3f9aacf4b3
Shandie,98.93,1.0,471218ef-41e8-400a-9762-e53aaf51ecbb
Joshua,74.07,7.7,f371d467-89ea-4430-bcbe-64dc8f70a078
Hollis,6.67,1.1,0e84aabb-8df2-47b6-9f7d-91c561161a5a
Ninette,92.64,8.7,f58dbf04-1de2-46e2-bb31-017a9612cd85
Kally,27.7,0.5,d1c71862-03d9-41fb-ad6e-a87aabfa0824
Tracee,39.83,4.5,94660165-9de1-4961-b855-a80fc5ee86ec
Phylys,5.13,5.5,4a0010f8-3eac-4dc9-a0d2-f1dc2490bf4e
Tybie,71.38,1.2,e7179b27-69dd-4013-84aa-f4385e1d76c8
Iris,59.24,6.9,26781d31-bd38-4a4c-a8a1-a0cc9abb331d
Jere,40.29,1.3,83387ebb-e0aa-43b0-90b4-35da08fd5be7
Francklyn,68.22,6.3,2afe8787-2365-4946-ba98-8d0ca61a58b7
Erna,18.15,8.0,2a1567e2-5f05-4652-b8c9-5621a75435f0
Shaylah,23.46,3.0,238fd233-22c4-465e-9b3f-a7dac71c49da
Hilary,86.71,5.6,b0dd32ec-47d8-400e-b07d-bed19b95e49c
Annecorinne,62.74,4.5,2888490a-ea95-40ac-8b3f-6c5b54d70c74
Brynna,27.56,3.2,f259b62d-5743-4eb4-bf90-a3703892eb96
Ker,33.65,7.7,64f07b27-a0c2-4ded-b219-0377772d3531
Bryana,37.63,5.1,2f8ec98b-38cd-4723-9afa-0fd620c5fe37
Tabbi,31.44,2.1,05847fa6-1e1d-40ac-8f23-c7964bd6cb13
Othelia,28.68,7.7,43a2c357-b5af-447f-aa6e-dd7d8fd09981
Madge,90.89,6.1,9fe05017-050d-4104-846f-be69bea48eb3
Kelcy,39.31,1.2,55f51ba3-8007-44ee-b030-44ef1ebf1340
Roxi,96.17,0.8,919daedd-95c3-45e2-ae39-fa29b1d59896
Samaria,59.09,0.5,415fbab8-31e8-49ca-9cdb-89f0ca443a78
Stacy,33.2,2.2,4607339d-5d30-4b60-a289-090056a8e806
Olly,57.79,9.9,66af0c3c-2657-4de8-8dc5-35448060f67d
Eleen,8.94,0.3,db3fa8a5-a514-410c-ab28-1a12712c89d7
Dolf,88.99,9.3,05173b05-ab12-4eef-ab79-4fdcbf8c3b28
Obadiah,16.35,5.9,ae641e03-8fd2-47b5-9799-7ddf17ee5d5b
Lyell,29.87,8.5,b2a66a4d-5638-450f-8d33-90b1fb9c1af8
Aidan,45.03,1.9,a4160805-d1ed-40b6-a97b-d598a60ecff6
Adrea,55.11,8.3,493258ca-a3ce-451c-9c09-27ad65aa0258
Heath,4.8,7.7,3210ff19-d92a-470c-afd9-a0d3a761e277
Verena,15.49,2.9,c1a8d6c7-6916-4b98-96a4-0dc0554c56c8
Carol-jean,76.39,1.1,f92e03f5-343f-4998-8362-ba576181caa6
Beulah,92.97,2.9,94dfab93-f710-492d-94d3-d1608f9c025c
Feodora,39.58,1.8,ebe34581-b0a2-420e-8dca-131bcffbbe51
Leila,34.17,2.4,89701119-4f74-4d61-8105-bc0e995f317a
Em,9.14,0.5,54982ad4-ca52-46aa-b7ed-908a8443b978
Wells,37.22,9.1,1324c011-bd33-43ad-ac0c-ddacbf093b3f
Paulie,96.64,3.7,de2488a2-b6dc-4bd4-b2e8-16237c877ef8
Haley,43.16,0.2,9f0b63f9-4782-4420-9533-09136806caea
Moreen,72.77,8.1,8b31f7b0-aa39-4efb-b671-3549237007a8
Dilan,44.44,9.1,06f9df2f-ceac-413e-a1eb-4fc66b0e2f5e
Eustace,58.48,5.0,d6c7debf-469c-4916-9240-7e2b2e99b9f6
Glenna,94.21,1.1,1be2a1b4-84a8-4f2e-893b-9c2e1da930f1
Lydon,92.57,3.3,b43931ae-ff46-4183-9991-8db194a25265
Douglas,22.83,5.7,4ca96f56-6ece-4647-8e55-28935a4ce365
Codie,57.67,8.5,d2477a33-84bf-4dba-8808-460657a4ab18
Markos,72.75,4.5,ae670082-86a6-4ea1-bbbb-066112f23754
Hesther,60.24,9.5,3e1d529e-1681-4044-ba91-fcb6c86ef4aa
Georgia,40.63,8.7,7024eb6f-7a62-49e0-9f0c-2f09bc7e3572
Candie,71.57,2.7,e2196f73-dfca-4d0f-93da-0c1a9a412e2b
Gilly,66.28,1.5,7c6658e9-9a91-446b-9350-da80abcb08c1
Jobyna,4.32,9.6,ce2b16d7-092b-4692-a819-297196c1f82c
Lanette,74.29,6.5,0933ad45-70fc-441f-8082-6fb9ef6531d1
Celestyn,95.64,0.3,608f4eb2-6d1e-4f4d-8be1-afeddb9ebc10
Gwendolyn,28.61,8.5,1e16ffc7-c145-4531-84b0-ee32712de0c8
Imelda,43.77,4.0,a3cdc8bb-88ea-4882-a79d-2e568044fe29
Asher,57.0,1.7,568047b8-124f-4a7e-b82a-bfcc74ab1e4b
Yulma,51.27,7.3,0f4a4394-8f81-4ce3-bf3d-bf61c7832286
Bartram,76.19,7.4,8183ee65-79b7-4163-a8dc-96b4a1964cb9
Nona,73.25,8.3,c1109d8a-bd79-4871-9d0f-d1b7c3bfea97
Glenna,16.78,3.2,ebc3354e-dca3-444a-948a-7bddf3e299ec
Hermina,57.02,6.0,43db3f25-569d-4e6a-b038-927c293f045e
Bernadette,73.19,6.2,64c880ff-c044-4961-a909-b50616f875b1
Ev,97.23,8.8,04dd3dda-7178-46c1-b0ec-72f9a96713be
Lula,70.33,9.7,b24aa77f-6fb2-43a6-8d97-1eaaeebf264e
Zollie,41.59,7.0,60ac13cf-5e66-4acd-a1d8-a7304dadb7e8
Herby,44.62,0.9,2da3d7b6-11f1-489e-8c5b-d33933e4fbe4
Claudell,15.64,7.6,8b8e18a8-bbc9-4360-98bf-805c0db706e1
Gertie,18.84,5.2,63a23290-2dc4-4c2d-929a-61991b41b42f
Jennica,42.32,9.9,0b2869f8-2dcc-439d-95ad-34a5a52f5f13
Danica,53.63,5.0,6efdb7b6-c649-4ec1-9f45-b0a3aae6f242
Lexine,99.03,5.3,4245fdce-77df-4858-b168-e5b84d294478
Ashby,18.43,6.2,f1dcdb2c-fe36-495d-a705-c5f6b9305399
Belicia,96.3,3.9,a5bbee26-cce0-4336-9b15-8299477ce4dc
Godfrey,41.19,0.5,98c0b53c-ea1b-4610-a624-2b1770923c21
Shalna,54.81,0.7,8a4d90f1-12a3-4050-8e4c-d5111c8b5312
Konstantin,63.82,4.8,42fb5534-307c-4380-9b9b-37db8a3882f1
Oneida,79.61,7.1,fbb85afd-1a82-4011-9b70-a676aff14de3
Cthrine,78.44,2.2,3b84d0c6-868d-4d72-9308-d89153033f3a
Reuben,25.62,5.1,350246b4-9265-4dcd-a55b-9521a5e1015a
Kissee,46.21,5.2,5ded5473-5a35-4c68-bb86-991b5e965362
Peyton,30.42,4.3,9e0b68bc-9ce0-4830-82c5-0b6b29d50c20
Jenilee,43.0,1.9,cf833744-efca-4c71-a8e9-b4dbfce27250
Wit,43.39,4.9,c5f9afd9-842f-44d8-a698-a679447f63e5
Else,47.91,5.8,60cd79e5-8aaa-4419-a146-6d226e0f8495
Bertha,85.12,8.6,a3c4c249-fb1e-47f0-bf08-2167eb1bdb60
Minta,48.48,5.8,19fcf21a-9a9a-4e31-a6de-5b0c7e6179b0
Valentine,96.47,7.3,905eb2a8-43b2-4708-ae80-55735191ef4b
Maiga,57.69,4.3,73b77566-3246-4ed6-8f02-dc6a5e99a5aa
Keith,3.11,3.9,78fdddc7-dcd6-46b3-a715-54324e58e416
Jacintha,5.09,4.0,8e524be9-7363-4262-8016-91cb397561a9
Creighton,38.58,8.4,1951e69d-df69-4167-8818-93ab40900ab5
Boony,6.63,6.6,4db9c41a-7ff7-430b-b602-930277a2289e
Anders,19.74,8.3,f06176c0-947a-41d7-8454-62690ad070f7
Althea,50.06,5.9,aaba7e8a-0fbf-4440-8e78-c9c59eaf3058
Godiva,87.8,2.0,5ea520d7-db66-487b-a9a3-a00e9388f59e
Becky,66.52,2.5,41b974db-6e4b-4124-a982-25034dde1907
Matilda,69.71,7.0,02ed4cac-1ade-40c0-b201-0689d620161e
Marillin,85.73,4.9,1fc155a2-7fbf-430d-9bdd-8b1efe540a29
Javier,36.59,4.3,3f30396a-de38-4a23-8a3c-b0db5845aae0
Gino,25.67,0.6,d17ca61e-301b-4d17-81e2-00fe42fba582
Portia,77.69,7.0,5fa60d2f-ddd2-4797-ad7d-35322144b860
Josefa,45.81,0.2,9454b4d1-2477-4742-9cc8-9ec281f3f3eb
Becka,61.13,6.4,5633f11b-5280-4993-8346-0821b3591092
Sibbie,26.26,7.1,dfc9ace9-0fc3-43c0-be9b-df19c356e754
Osmond,65.43,6.1,8648a8f3-03d0-4a2b-9078-a6d54da3d4a7
Cece,37.64,4.4,c21dfd67-ff80-4d4e-9219-f98ccd4297c9
Denny,1.85,8.0,19e193e0-32e0-4d00-8fe7-2a03181677b1
Traver,28.4,3.9,d3f21411-b991-4e5e-a701-a66c344a935c
Pierre,47.81,3.0,db0eb34e-bb4c-46ae-8d4f-3f2c1626aba6
Davida,37.87,5.0,d7be0084-c73c-491e-b44a-a1da21b27115
Spenser,11.23,2.3,075df2ae-3045-4e65-9993-75f3de39a382
Dominique,9.32,5.3,b8dd340f-273e-4ceb-8605-501e1868dca5
Dalila,84.02,0.9,f7cfa802-6fe6-4f82-ab80-a171cf90b7fc
Isacco,67.11,0.9,efad7711-9890-49f2-a478-1ab8f92a3583
Wyndham,10.37,1.2,f31021d3-0924-4de0-9652-c650a0f1621f
Henka,14.89,2.9,dc37e41a-0073-4ddb-a888-f6e9a994a9b1
Rodi,3.27,4.2,60685ef7-4701-4539-a2a3-27552a03df83
Kathy,1.72,1.1,79416110-3cf6-4d14-9f38-93ad0b6686e8
Elsey,54.94,2.9,edacb763-e411-424e-a12a-476fe10750e2
Bert,56.37,3.7,5f64c748-c332-482d-8cbb-0258b3eaf67f
Currie,50.2,2.9,0c93433e-3403-447b-bbb1-4b6386ac39cc
Anita,47.42,5.3,e23f566e-66b1-411f-b272-3e3dfbcd6603
Parsifal,39.9,3.8,66427a83-6f11-4441-b056-042608be1218
Toma,98.84,9.1,353ad084-7a64-4a9a-b1a5-7ea6b2fbc69a
Maggi,5.79,7.7,fb0ff915-e739-4568-b6fa-1bb09cfb16d7
Bonnie,75.91,7.9,800125b8-3c01-4ccb-b70d-7f31efa183a0
Denyse,49.3,1.7,05816fc8-e039-4f07-b4a3-4f1edfffa364
Susan,70.29,7.1,c0429298-5d19-49b6-848a-4a91caa2696d
Janette,33.49,4.0,2f204bcb-30ab-49b2-b75b-ad72172d96a6
Pet,92.16,2.2,b8175b9c-ec0c-4531-bf29-0f8bc740fe23
Kerrill,37.82,1.0,3463b351-dc28-4f8e-9df1-841efe6a670b
Tildie,85.58,8.0,adb30a23-5228-458f-8410-4cdd128b4259
Sibby,41.91,5.8,74d329d3-7001-46db-9687-5ce305057b08
Layne,67.25,7.4,40aaed13-6f8e-4297-b251-29e602085ca9
Coriss,78.56,9.8,555b895f-15b4-4c3b-adca-958ba1fdbc42
Cos,6.07,3.1,b9f94dca-954d-4c6f-9398-9f63862d9707
Haslett,59.0,5.4,4f0b5423-5792-4dcd-bfaf-304041a589bb
Emmye,64.66,5.2,284f706b-789f-42aa-ad98-80b44c5ec6ca
Fritz,40.56,4.0,c21ff6db-06d5-4f8e-bfe8-e063372fcd69
Carolynn,42.49,3.9,cc3f5216-223d-443b-bf6f-b57c08a86e61
Angelica,60.14,0.7,46e58e1b-9abd-409c-ad57-dfd5d45b7577
Rick,62.79,1.2,f98c7c6f-06f0-48c1-852e-83a4701d2f07
Merrel,81.27,9.0,9f11b0b6-d74d-4d9c-b4b4-9e51de3ea452
Batsheva,91.24,5.6,808941a9-719d-415c-8fc8-e6578b9b1022
Teodoor,97.14,6.5,01865058-e503-4c2b-951a-d6adb9dac791
Vere,31.91,9.0,997c6b34-0cf5-4b4d-a541-9dd21886fe49
Bartram,43.25,8.8,a73d321e-88ad-4b3a-bfbd-e4b5ea59d3ce
Bambie,7.25,2.3,ed578790-4369-4f3a-9c18-f2ac7136dd8e
Ashton,16.93,0.2,b3d0063a-a5ed-4c62-b36b-d65c029c8da9
Delmer,11.86,5.7,c8e990d7-37b5-4414-937a-a33dda6c9916
Estrella,57.35,10.0,91814ee6-c7db-4f0a-bbcc-876a89dfb9e3
Tonnie,82.1,6.6,81b58c58-8bb5-4386-9991-cba03d22af7a
Oliver,43.95,5.8,b7a7b8ce-e304-4acb-a8db-3d7a6afea4ec
Barnard,63.37,0.4,27dae7c0-b9d2-4426-8346-af75459f4081
Grover,58.23,3.9,0dbe36e9-b8d4-48c3-a7d8-8fd8ba454a2f
Markus,11.17,1.7,355ca5c7-b684-448a-8aa8-a474d30ec57c
Stacy,61.71,3.3,2eb42bd7-8419-40ac-a7e3-604fcde413a9
Amalea,77.83,3.8,37c9aae8-a407-4c6a-b63b-1dd25b80582a
Dory,36.66,3.9,365b6e5a-6098-4e6a-9519-1ded9b3e9025
Carl,79.05,2.0,c7838169-cf75-4bf2-b703-bcea4b16d475
Tammy,69.9,4.3,8d237ae6-f7fe-4437-af36-c01401524d42
Leonhard,7.24,3.7,51f32780-b1ab-4df4-a03c-32c1a64161c2
Warren,11.74,0.4,d5dc5e74-8af6-4b80-b4b0-1dc3723fb11b
Deeann,54.24,0.8,ee40ed52-7438-43ab-94b2-f3029fca884b
Berny,98.43,6.1,dcf7728e-031a-4b2e-9059-2288314a61e7
Hardy,37.96,4.3,2815bef8-463f-43fa-b913-cb184c12d352
Blake,98.4,9.7,71bd4607-251a-4ce4-9ff3-aff90dc90cce
Everard,90.91,2.9,bd822138-3028-45c7-9d2a-9d36ff8b21c2
Lyman,1.72,0.9,9d74c2c1-28fb-4fe1-a9f4-fb5a782b188f
Fabian,94.87,1.9,0db72eaf-95ca-48d3-b9e8-1650e976b57c
Arie,13.31,8.4,c586e005-2a27-4d70-b549-439e073c4974
Rana,19.48,1.5,e5c1ed0e-b89e-475f-85f1-f4bb09615763
Concettina,65.59,10.0,b1bbb982-af71-49b3-a523-8558c77732be
Nessi,52.53,6.0,517f677e-0103-41bd-9be8-a24704ad8397
Aubrie,15.87,5.2,6a480618-3ea4-4c8e-adc1-a7d746498116
Delbert,94.03,5.6,ddd1a5bb-76b5-4ceb-9179-01be71350fdf
Kirsten,62.5,5.7,1d67087b-66a5-4c62-a302-d7c6d3366382
Karin,89.05,5.0,78838f7a-6482-4349-9d79-0724f1a7521f
Alma,63.4,3.1,adea672c-da42-4469-a9f6-9e200c8bf9a4
Keelia,49.82,0.3,9179c06f-620d-486d-afd2-84976cdcfb03
Gary,85.49,0.3,2151fe06-8df8-40d1-92f8-55ce15c3378b
Lorelei,41.72,7.5,990c50a8-46e8-42b9-a316-168e8b1190dc
Madelon,55.58,0.9,cd1ccfe1-dd74-4e64-afe6-0d351ef62c72
Phyllis,18.85,7.6,cc543f65-61b1-4f1d-bd9f-0d9cac4201b6
Evan,48.35,8.4,f97f48da-a9f3-49c4-8166-7e91c351c5af
Jory,91.27,3.2,03c8f0af-de3e-438b-ab92-9d97fe97f9fa
Trace,11.78,1.7,5abcefb8-d324-404b-8b44-18050bb5d84d
Jeanne,46.91,0.5,12ad26b6-48aa-4d18-a764-a583af78caa8
Nollie,61.66,2.3,22af8af0-16cf-4b8b-aae3-4abc18b71068
Bea,71.66,0.2,46cd7001-03f1-4a56-811b-563112ea0f2e
Sharity,31.18,1.2,f740d23f-dc08-43e6-bb65-d99fbffb20b7
Evvie,46.21,9.4,8b0f9d05-ebff-41d9-a4cd-8a9924bd39a9
Ruben,20.35,2.2,0c8cd98c-4d3e-4c71-90fd-7b8db5c310e2
Bruis,33.2,6.0,9bd9f280-a0c6-4abe-8940-98336f20963f
Domenic,81.65,0.6,fcb691e7-2546-4c85-911d-c78f3a6851af
Raff,9.47,9.9,5981ad04-6e3a-4ada-9d7d-5b74cac301ba
Norris,17.8,8.3,8e2f157e-ce43-4641-a335-ccafa0bd68da
Gae,61.07,6.3,90782d7a-8ca9-4964-9ec9-1c3136f59152
Arliene,38.8,5.6,4377db72-7ae0-4c4a-bdd8-d8b49520033c
Isabel,25.42,8.6,28aa3bba-4c3b-4d24-865e-d8451b985c65
Seth,46.33,5.2,6cc1c265-a3f8-4c6a-be5d-8f4ec290375f
Chandal,61.83,0.2,496f0324-3169-4b40-978e-b4c878058ded
Lexine,73.98,9.6,1d098936-c9bc-447d-b8d4-deb5bf15c18c
Rafaelia,37.76,6.5,c115cc4f-3986-4d86-84a7-db34f2e98604
Marcelle,57.31,6.2,6d103d73-2ea4-4a4e-b1cc-eaae3fc766de
Chrissie,70.66,9.8,ff3e6100-4ad7-40d1-9d97-30537cfb5e7d
Chen,2.96,2.9,f96e9feb-260a-442c-9379-27266409a02d
Filippo,13.64,9.9,90f85133-925e-48f1-8d32-6a31f0135ddc
Tallie,11.89,2.3,c9cc0897-c3b7-4fa7-8bea-cbb247749893
Cheryl,40.67,2.3,0a54c3b9-1785-464a-9a10-569bde3d6344
Debby,65.3,3.3,32a4862d-0721-4f26-b886-6595402a9ed0
Uriel,39.79,8.4,580b39a8-63f2-456f-816f-10903bf2e90a
Maurits,80.14,6.6,2d4c3bab-e4c0-4a29-a5cc-1d5248031d11
Jozef,37.38,5.9,b0ceec3a-fcae-44d5-b13c-b9a36b89249d
Robb,72.35,1.5,70f4e354-5cbd-4182-8643-b2b37ea20911
Pattie,49.45,5.6,f28dc3fa-5367-472b-aaed-d84867f2de3b
Seymour,23.38,5.1,e965f89a-2948-4aec-bac8-6bd94747c3c3
Charmion,19.56,8.6,3c98fbb8-86f8-4f26-99cf-9eb78942cec3
Dew,44.01,9.1,7f0620b6-dbdd-4e91-a29d-dec0cc75e5c5
Falkner,0.6,9.8,16d2af4a-bced-4fd2-a4f7-d295e893aff3
Zeke,47.4,3.7,a88143cf-ead5-4e4d-8561-dcf5c8630a1c
Hildegarde,49.14,4.3,150ac95d-c1fa-4f06-a812-5d261879f6dd
Toma,35.0,3.1,4b280606-24ce-4d2f-85bc-401e8585760e
Reube,87.08,3.2,93a47bf1-0db5-429f-b5b4-a7542d454e38
Constantino,75.85,3.5,52a61b3d-a0e4-4d2b-ba98-0622db8e52bd
Stesha,64.35,3.8,840c83e7-3438-4b20-aff7-f0c7c34b409e
Virginie,54.98,6.2,063feb8e-0ac9-41a5-91b5-7a961cb44efc
Salim,0.03,3.8,1f5f730d-b87d-4a9d-a1fa-3f05d6593089
Gallagher,26.62,0.3,5cf54c31-1c94-4fe2-b0c4-f05b31604f4b
Judy,58.7,8.3,a6ee2f97-8189-4d6c-8373-96b6236fa5a4
Kathye,33.56,7.3,145f84d2-5f60-4521-8916-41f207b3fe31
Darcey,34.67,8.7,7264b3bc-fb39-4b98-83ed-3489a1d6c2ad
Horacio,65.82,3.7,e440e382-d8eb-46b8-8e44-d9f6559f0851
Keven,89.88,2.6,57aff63e-1295-41f8-a926-282ec1e5e606
Sella,26.0,5.5,51aefb72-0a9a-4872-abbe-2b25c7336491
Bil,48.81,2.8,3693fe7c-8d92-4b8e-ad14-e75f80ebc2d7
Serge,62.2,9.6,ad08e7ee-b802-4e0d-8451-faf68f47ccb0
Jeno,70.01,7.8,f9399872-6530-458c-a074-779a2cf2d421
Franky,68.59,3.2,97fbf3f1-3088-428e-a025-9fdd8a662804
Estrellita,39.53,4.4,f0e1b929-5d22-4ebb-95f9-c01253dd0b52
Rea,33.45,5.8,f0171d1e-8ea4-4979-ab20-3cc2b4698764
Skippy,22.54,2.3,eaa8d73d-57f9-4d49-a560-b7e62be889fd
Fairfax,13.87,2.0,33db7ea9-010f-4e28-9eb5-58208f8cf3ea
Salvidor,36.87,0.7,672e7098-b110-4a3c-b41f-6986694a147d
Dane,96.49,3.4,7c455470-d286-4c33-b03b-3616a6924903
Claudetta,15.25,9.3,b252a017-5157-44b0-8b1b-fe11283cc5f2
Sapphira,55.29,1.6,6b66a8f9-b378-431c-a45d-4e0c37182192
Nicolina,84.59,8.0,1e306593-c1d6-4943-beec-fda85a6b915b
Orran,71.9,4.2,73386cea-31c4-41dc-a5f9-7691f9eb9b64
Cristobal,46.19,4.1,a70a34b7-399b-443d-85ce-cb3613d8beed
Derk,23.75,8.2,42d0710a-9a6e-4c31-a605-bbe2244720ce
Linette,24.14,1.4,9fe6eec7-8df2-4ceb-9aef-d3f55907cbc6
Granny,12.73,7.4,9b580635-251c-405a-a954-ed31998fb270
Isidora,93.31,1.5,c07b994e-1264-403f-8a85-8f0d92e4436f
Alfy,50.66,0.9,58b755bb-2ca7-4454-81f3-b1e46c829590
Glynda,4.66,4.1,431cc743-c356-4928-aa2a-497ad2e51fad
Garrott,36.76,2.7,312378c0-7401-46ac-b34f-85b265efb38b
Diarmid,13.81,1.1,279c9bbf-f554-4649-b429-640f99fab42a
Ryun,47.85,7.1,319ffc6d-3992-41f1-ab17-d6a89e670383
Cornell,53.66,3.8,0dbfc1bd-7179-497d-aac7-0331fd20504d
Bird,56.83,1.2,bc256481-4a90-4ae9-ae3f-8ca9e6480723
Ky,21.48,8.7,dee756ac-0076-4abf-8f49-3e4a32338b02
Tomlin,54.16,9.1,1d206fcf-43a1-4a5f-8b8c-6925d440f65c
Carole,30.21,7.4,c4d8939c-9c63-4980-8064-a16e2350e5fb
Johannah,12.07,5.9,623e488d-77a8-46df-9c98-877a0c9fc450
Hayden,42.41,0.4,ec8e8684-747c-4726-85d5-d90f54bf78d1
Pen,89.35,6.2,015b0159-b06b-4ae7-bd19-dadbac9136ec
Nessy,11.77,1.3,cda2f185-602e-4166-871a-ea3faa85d092
Cyndi,41.47,7.6,6962dab1-fe68-49ab-917e-42ba5942a3aa
Tobe,93.4,5.4,0079f0a3-c290-4726-b2d9-ca0b9a022583
Kirk,38.28,8.8,d6d5b12a-c07b-4ffa-aa5e-54010b44d49d
Eugen,28.1,7.1,8cd8a64e-ee8d-4161-8993-9ecd290891ad
Alia,75.19,3.4,b1108d95-871c-461e-828b-17700df53106
Jeramey,82.75,4.4,623f0199-61d3-4ae4-a866-d5e006b14527
Timothea,87.66,9.3,0051b68a-13ca-4418-808b-d95229e4b4bf
Lauraine,2.73,0.8,f34e5730-9cf1-4be3-a44c-e74519ff4558
Biddy,55.5,9.1,649c79e3-8f57-4a7b-b704-51d8a1a22176
Tabb,66.04,3.4,09fe0277-b973-4711-9e73-7ce2de029a8c
Maryrose,61.32,2.1,1f65a55c-2ee7-4924-ac73-6b89555bfa9d
Zonda,44.07,3.8,985b4d19-7f73-47ed-891a-5821faa6a685
Gweneth,65.08,7.1,cb2f8c3b-0beb-4d46-800a-504c51ea0322
Charlton,12.39,5.3,f84d711f-bd55-4be3-bcff-870c4aa1eb10
Chloe,82.87,4.5,fc412253-29ad-461a-93ce-7b9ac05ace70
Daniel,68.97,3.9,93227e9a-cf36-4c10-92e1-7c56923b403e
Currey,3.2,5.1,58743428-3510-4153-8e22-667ee666a39b
Earlie,66.79,7.5,40f0a4ff-20fe-4682-9347-38f6f5275f52
Trix,4.59,1.2,a5fe1897-233b-4792-aba6-3cc32748ab87
Cazzie,46.37,2.9,703c9e8c-76b7-4cfb-ab96-29c89a6c916e
Barby,94.12,2.8,6b96ef23-f70b-4d92-a1b9-f5fc5623b11e
Reese,48.66,3.4,99d66f1f-89a4-4593-ba7f-22b2f8991b3a
Giralda,14.49,6.7,a0e72a55-3fb7-449c-b8b3-3d3386c75b8e
Wyatan,13.11,8.2,9fda3f4b-5ec5-4ac7-b816-649657c03acc
Thomasa,49.67,4.0,6424cdb8-d5a7-40bc-83ef-c70a7275dea8
Tuckie,12.78,5.5,944c3ce9-6e15-4366-b809-2c3b1f449f1a
Rina,2.42,7.7,f25679e5-829e-4d54-a2fc-29c200039e8f
Jewell,63.78,5.5,640bf555-7244-4d13-a94f-4af8b60c597d
Cathi,29.66,4.4,56aa0392-595c-4c81-a14f-678ffdc43c8b
Kenna,70.64,6.0,1d275e13-051d-415d-b8eb-2c7c5502ff63
Gretal,33.92,1.2,b07e6824-d38d-40da-be03-3ef74ebb5a84
Margaux,17.86,6.1,b57dfc55-e7be-49ed-b31e-980169b2ae00
Darrelle,82.48,7.9,9e1dc5e3-e827-4891-87c7-1fcf65f1a6ca
Trudie,91.61,1.3,20f54670-5d27-45f5-88d0-17bfbf615ccb
Wendel,30.67,8.0,f527cd31-7eda-4556-a63c-4e6b61b704ed
Marin,13.27,1.3,cd876135-f9b0-4e2d-98ad-6c33d7c90491
Urbain,77.23,2.6,8b401f94-33a0-49bc-b1cf-7cc5c95c08f1
Marie-ann,78.29,5.4,8f117219-16bc-4407-b994-c14fe6660574
Henry,99.35,9.8,1cadfccd-027f-4114-8233-59a105bb7282
Shannon,46.55,8.5,5a9e87cf-2284-485a-b5e6-e7f0425356d3
Elisha,62.02,7.7,c263114e-6c11-4fd7-93be-a2e04b9ef7ea
Di,4.05,9.0,aff1854e-6452-4974-888f-96d201f82464
Brand,69.96,6.5,ec587d3d-8232-4571-af38-0a8b5c2b56bb
Ardine,58.01,4.7,a4bc26dc-3428-43ff-9675-b0a9f1eb05a9
Sean,26.49,5.0,402aceb7-677a-419a-960b-4eb0b154339c
Prince,39.57,1.1,872edeee-0223-4ca3-94d1-fc937c73f6ea
Fanchon,61.05,3.9,51e3bdae-b069-4d98-acb5-5b49db22e0f1
Yancey,15.5,2.4,9b68557a-791a-4976-a8fc-bb3fa685ba5f
Glen,99.3,3.3,2ef3c47b-27c9-496a-89d3-ef5f8b059460
Marsha,12.5,7.8,a9233a2d-fa91-4025-b350-b31a27cd7ba8
Griffin,73.01,7.3,ad09f43b-309b-417b-bb0c-85416bcab001
Bondon,28.2,8.9,68b624e4-ba58-42fb-af4c-13cdf47a5026
Yasmin,0.64,9.5,a0bb891a-0cc3-4508-acf5-67d508043307
Flor,90.72,3.7,0b70bd08-e736-47a7-8430-39f4b20aa761
Ximenez,20.06,6.3,5209bf3d-fceb-47d6-be7c-41e20f656202
Cobbie,98.17,9.1,c2cf8a65-34af-4d90-bdb3-b24d74f4c6f6
Trisha,4.7,3.1,d45cda71-fbe4-43bf-bdc0-cb8f05edc70f
Salvidor,9.62,1.5,ada77f17-8530-4abc-97e1-cab9075088d0
Angelique,17.92,2.8,36376558-ef38-4aed-aae0-b88d46f7a895
Farris,41.97,0.8,3975ca53-3d5a-4c1e-b35a-f5df1d141ee8
Lanae,63.7,1.0,e31b9f36-19ce-41e9-8e74-322a8436b819
Kaleena,52.89,7.4,776921f8-2146-484c-8865-8eb6e0d27bb3
Kitti,65.62,9.0,79124783-5ef1-4169-a3a7-bb3e3f283ad0
Valentina,5.08,4.7,7630bca8-319d-4ef2-bc3b-d026936e19a4
Eugenius,48.5,2.0,f3724204-742a-44c0-9585-1b521ca36733
Silvan,48.1,6.2,94a8ce71-f510-4b68-bac6-a849d6bb818c
Gerry,93.88,3.1,4e388bfe-ba46-4335-b5f0-95f019032c3c
Alexi,31.18,4.3,e7603e59-a9cf-49a1-a419-b72c48df79b6
Sean,13.27,4.4,b0a30add-6697-4edd-b211-0631d3f55b89
Rebekah,86.27,4.1,6d314f39-d781-46ee-a55f-2b3ee54238be
Leese,4.43,6.7,7533a031-9148-4898-98de-d820afaa5173
Prudi,93.06,3.5,516f9bbc-daa3-453d-94e9-f617d380efce
Aimil,11.52,6.0,e943a14b-4943-4467-ab22-7ec67e60b8bc
Melvyn,44.93,4.4,3ec0bf36-4fa2-4a72-9095-3d8c66ee528a
Jeremias,79.24,5.3,506836ac-5c3f-41db-a0e9-d48e6494576c
Ellwood,85.06,2.1,7b6e9c34-3e9f-46e1-bf09-bb1dc35ba2fb
